,Address,Lot_Size,Price,Unit,latitude,longitude
4,"190 Vic Ave #X, Llano, CA 93544",0.77,1921.0,acres lot,34.477,-117.8375
5,"0 Sec Of Mulberry Ave, Hinkley, CA 92347",2.14,2000.0,acres lot,34.931,-117.1997
6,"25 Manzanita Dr, Alturas, CA 96101",1.03,2222.0,acres lot,41.2438,-120.7599
7,"0 Alpine Rd, Alturas, CA 96101",1.8,2997.0,acres lot,41.5,-120.36301
8,"0 Jones Way, California City, CA 93505",0.25,3000.0,acres lot,35.2233,-117.77474
9,"Greeley Dr, California City, CA 93505",0.26,3200.0,acres lot,35.1799,-117.80572
10,"0 Vac 82nd E Vic Drt Ave #V, Littlerock, CA 93543",0.43,3500.0,acres lot,34.530,-117.9840
11,"Felicia Rd, Alturas, CA 96101",0.93,3500.0,acres lot,41.420,-120.634
12,"82nd E Vic Drt Avenue V, Littlerock, CA 93543",0.43,3500.0,acres lot,34.512,-117.9932
13,"033-050-017-000 Kane Spg, Borrego Springs, CA 92004",5.58,4000.0,acres lot,33.2566,-116.37826
14,"33050017000 Kane Spgs, Borrego Springs, CA 92004",5.58,4000.0,acres lot,33.2566,-116.37826
15,"Near Hyundai Boulevard And Arizona, California City, CA 93505",2.5,4000.0,acres lot,35.1258,-117.98590
16,"0 Needles, Amboy, CA 92304",5.0,4000.0,acres lot,34.5577,-115.74444
17,"0 Address Issued, Amboy, CA 92304",5.0,4000.0,acres lot,34.5577,-115.74444
18,"3198 Tract 460, California City, CA 93505",0.37,4000.0,acres lot,35.1258,-117.98590
19,"21-5, Alturas, CA 96101",0.92,4000.0,acres lot,41.4871,-120.54232
20,"Cortez Rd #LU-1, Alturas, CA 96101",0.93,4000.0,acres lot,41.4871,-120.54232
21,"0 Vic Magnolia St, California City, CA 93505",0.54,4000.0,acres lot,35.1258,-117.98590
22,"Vic Magnolia St, California City, CA 93505",0.54,4000.0,acres lot,35.1258,-117.98590
23,"Evans Cir, Alturas, CA 96101",0.34,4000.0,acres lot,41.4055,-120.67466
24,"Gatling Dr, Alturas, CA 96101",0.97,4500.0,acres lot,41.2711,-120.76734
25,"2 Avenue 4448, Mojave, CA 93501",0.29,4500.0,acres lot,49.6967,-112.78202
26,"23022018 Apn, Edwards, CA 93523",0.85,4500.0,acres lot,34.9260,-117.93506
27,"Planet Way, California City, CA 93505",0.26,4500.0,acres lot,35.1820,-117.77534
28,"Alvin St, California City, CA 93505",0.34,4500.0,acres lot,35.1795,-117.77625
29,"Unit Lake Shastina Dr #1-LOT 209, Weed, CA 96094",0.25,4500.0,acres lot,41.522,-122.3746
30,"Apn 235 #212-16, Mojave, CA 93501",2.5,4500.0,acres lot,35.052,-118.17396
31,"0 Apn 498 513 #6-0000, Boron, CA 93516",2.32,4500.0,acres lot,35.0011,-117.66192
32,"Bonanza Rd, Alturas, CA 96101",0.9,4500.0,acres lot,41.2870,-120.79628
33,"260 T Ave, Boron, CA 93516",2.22,4599.0,acres lot,35.0011,-117.66192
34,"225 225th St #E, Mojave, CA 93501",2.5,4599.0,acres lot,35.052,-118.17396
35,"225 Saint E South Of Gordon Blvd #225, Mojave, CA 93501",2.5,4599.0,acres lot,35.052,-118.17396
36,"0 Orchard Rd, Hinkley, CA 92347",2.5,4750.0,acres lot,35.0417,-117.20868
37,"Hidden Vall LOT 199, Weed, CA 96094",0.25,4770.0,acres lot,41.422,-122.38612
38,"15515 Plateau Ct, Hidden Valley Lake, CA 95467",0.25,4900.0,acres lot,38.8305,-122.5643
39,"19580 Park Ridge Dr, Hidden Valley Lake, CA 95467",0.39,4900.0,acres lot,38.79,-122.54710
40,"0 Vallon St, California City, CA 93505",1.84,4900.0,acres lot,35.1468,-117.82267
41,"0 Sanders, Mojave, CA 93501",2.5,4900.0,acres lot,35.052,-118.17396
42,"Esse Blvd, California City, CA 93505",1.67,4950.0,acres lot,35.1408,-117.83425
43,"22222 Anchorhold Dr, Essex, CA 92332",2.5,4950.0,acres lot,34.733,-115.24497
44,"1 Apn 228 #171-46, Boron, CA 93516",0.25,4995.0,acres lot,35.0011,-117.66192
45,"0 Bella Rd, Alturas, CA 96101",0.89,4999.0,acres lot,41.4871,-120.54232
46,"225 Saint E North Of George Blvd #225, Mojave, CA 93501",2.5,4999.0,acres lot,35.052,-118.17396
47,"Vac Lorraine Vic Claymine, Edwards, CA 93523",1.05,4999.0,acres lot,35.027,-117.833
48,"0 Applegate Trl, Alturas, CA 96101",0.35,4999.0,acres lot,41.4107,-120.66910
49,"Rudnick Blvd, California City, CA 93505",0.25,5000.0,acres lot,35.170,-117.8360
50,"Jefferson Road & Echo Rd, Alturas, CA 96101",1.0,5000.0,acres lot,41.4871,-120.54232
51,"223 Cecily Dr, California City, CA 93505",0.33,5000.0,acres lot,35.1882,-117.7366
52,"Hawk, Inyokern, CA 93527",2.5,5000.0,acres lot,35.640,-117.8382
53,"0 Chrysler Dr, Edwards, CA 93523",5.0,5000.0,acres lot,35.1116,-117.825
54,"1234 La Luna Ave, Twentynine Palms, CA 92277",0.62,5000.0,acres lot,34.1339,-116.082
55,"California Pines Boulevard Cp #71, Alturas, CA 96101",1.1,5000.0,acres lot,41.4098,-120.67912
56,"0 White St, California City, CA 93505",0.31,5000.0,acres lot,35.1258,-117.98590
57,"None, Buttonwillow, CA 93206",1.3,5000.0,acres lot,35.3997,-119.47410
58,"Corner 75th Street W & Ave #B12, Lancaster, CA 93536",0.29,5000.0,acres lot,34.6761,-118.20558
59,"Cyril Ct, Edwards, CA 93523",2.56,5000.0,acres lot,34.9260,-117.93506
60,"0 Cyril Ct, Edwards, CA 93523",2.56,5000.0,acres lot,34.9260,-117.93506
61,"7-2 Elk Trail Rd LOT 227, Weed, CA 96094",0.31,5000.0,acres lot,41.4976,-122.367742
62,"0 Grayson St, California City, CA 93505",1.88,5000.0,acres lot,35.1674,-117.81514
63,"West Ave, Mojave, CA 93501",1.14,5000.0,acres lot,35.1197,-118.2046
64,"2 Hill Dr LOT 161, Weed, CA 96094",0.34,5000.0,acres lot,41.422,-122.38612
65,"7500 Corner Avenue B12 Vic St #75, Lancaster, CA 93536",0.29,5000.0,acres lot,34.793,-118.3529
66,"0 Poppy Blvd, Mojave, CA 93501",2.5,5000.0,acres lot,35.132,-118.1132
67,"NW Corner Hwy #14, Mojave, CA 93501",2.5,5000.0,acres lot,35.052,-118.17396
68,"Avalon Avenue And Vic 179th St, California City, CA 93505",0.27,5000.0,acres lot,35.1778,-117.80937
69,"Vac Vic Glendower Avenue Borax Rd, Boron, CA 93516",0.94,5000.0,acres lot,35.0209,-117.70335
70,"12 Comeso Rd, Boron, CA 93516",2.5,5000.0,acres lot,35.0011,-117.66192
71,"0 No St, Taft, CA 93268",0.26,5000.0,acres lot,35.1396,-119.45188
72,"0 Apn 230 62 #16-04-2, Edwards, CA 93523",1.69,5000.0,acres lot,34.9260,-117.93506
73,"Buena Ventura Dr, California City, CA 93505",1.98,5000.0,acres lot,35.2039,-117.71485
74,"0 Garden Dr, Oroville, CA 95965",22.08,5000.0,acres lot,39.5348,-121.57678
75,"Grande, Alturas, CA 96101",0.93,5000.0,acres lot,41.408,-120.6579
76,"0 Bellaire Ave, North Edwards, CA 93523",0.55,5000.0,acres lot,35.0,-117.896
77,"Alpine Cir, Alturas, CA 96101",0.33,5000.0,acres lot,41.4098,-120.67728
78,"Brown Rd, Ridgecrest, CA 93555",2.47,5000.0,acres lot,35.5614,-117.77096
79,"0 25th St, Mojave, CA 93501",2.5,5000.0,acres lot,35.0193,-118.08733
80,"0 Brown Rd, Ridgecrest, CA 93555",2.47,5000.0,acres lot,35.5614,-117.77096
81,"Alpine, Alturas, CA 96101",1.31,5000.0,acres lot,41.532,-120.391
82,"230 230th St #E, Mojave, CA 93501",1.84,5499.0,acres lot,35.052,-118.17396
83,"Vic W Street J Street Randsburg, California City, CA 93505",2.63,5500.0,acres lot,35.1721,-117.89162
84,"Boyd Rd, Alturas, CA 96101",0.97,5500.0,acres lot,41.3045,-120.7851
85,"Tom Creek Hill Rd, Alturas, CA 96101",0.93,5500.0,acres lot,41.4871,-120.54232
86,"Bates Way, California City, CA 93505",2.43,5500.0,acres lot,35.1653,-117.83396
87,"5 4/48 Lake Shore Dr, Weed, CA 96094",0.29,5500.0,acres lot,41.5013,-122.36941
88,"0 Pipeline Rd, Boron, CA 93516",0.62,5500.0,acres lot,35.01278,-117.543815
89,"Wickenden, Alturas, CA 96101",0.96,5500.0,acres lot,41.404,-120.6413
90,"2008 Lupine Dr, Willits, CA 95490",0.29,5500.0,acres lot,39.449,-123.386
91,"LOT 141 Desavado Rd, Montague, CA 96064",1.1,5555.0,acres lot,41.894,-122.4273
92,"Unit Desavado #5-LOT 31, Montague, CA 96064",1.0,5555.0,acres lot,41.7282,-122.52739
93,"120XX Vic F St, California City, CA 93505",2.64,5950.0,acres lot,35.162,-117.90613
94,"9770 Venturi Dr, Cobb, CA 95426",0.42,5997.0,acres lot,38.849,-122.72771
95,"0 Off Fossil, Hinkley, CA 92347",5.0,5999.0,acres lot,34.9347,-117.19921
96,"18904 Timber Point Rd, Hidden Valley Lake, CA 95467",0.34,6000.0,acres lot,38.786,-122.5371
97,"0 Echolake Rd, Santa Margarita, CA 93453",2.5,6000.0,acres lot,35.27848,-119.92956
98,"0 Goleta Rd, Santa Margarita, CA 93453",2.5,6000.0,acres lot,35.2784,-119.93178
99,"LOT 86 UNIT 5, Alturas, CA 96101",1.17,6000.0,acres lot,41.4871,-120.54232
100,"LOT 87 UNIT 5, Alturas, CA 96101",0.95,6000.0,acres lot,41.4871,-120.54232
101,"160 Ste Ave, Lancaster, CA 93535",2.52,6000.0,acres lot,34.640,-117.7870
102,"LOT 247 Cumberland Rd, Boron, CA 93516",2.29,6000.0,acres lot,35.0011,-117.66192
103,"0 Apn #233-130-32, Edwards, CA 93523",3.1,6000.0,acres lot,34.9260,-117.93506
104,"Vic Ave #I4-213, Lancaster, CA 93535",2.57,6000.0,acres lot,34.641,-117.6764
105,"9701 Tehachapi Willow Springs Rd, Rosamond, CA 93560",2.5,6000.0,acres lot,34.887,-118.2899
106,"Unit Whitepine #4-LOT 28, Hornbrook, CA 96044",1.3,6000.0,acres lot,41.9101,-122.55585
107,"0 Apn 230 220 08 #230220, Edwards, CA 93523",3.44,6000.0,acres lot,34.9260,-117.93506
108,"0 Apn 02 #233130, Edwards, CA 93523",3.11,6000.0,acres lot,34.9260,-117.93506
109,"Catfish Ct UNIT 4, Montague, CA 96064",2.6,6000.0,acres lot,41.893,-122.4222
110,"0 Cumberland Road, Boron, CA 93516",2.29,6000.0,acres lot,46.3167,-62.50863
111,"9-2 Golden Hill Dr LOT 266, Weed, CA 96094",0.27,6000.0,acres lot,41.422,-122.38612
112,"North, Edwards, CA 93523",2.76,6000.0,acres lot,34.9260,-117.93506
113,"Heidi Dr, California City, CA 93505",0.27,6000.0,acres lot,35.166,-117.79153
114,"0 92nd St, California City, CA 93505",0.25,6000.0,acres lot,35.116,-117.96404
115,"Forest Hill Cir, Alturas, CA 96101",0.96,6000.0,acres lot,41.3199,-120.78325
116,"11299 Winding Way, Clipper Mills, CA 95930",0.52,6000.0,acres lot,39.5362,-121.163
117,"2341 Buckeye Rd, Willits, CA 95490",0.34,6000.0,acres lot,39.4273,-123.3999
118,"2333 Buckeye Rd, Willits, CA 95490",0.27,6000.0,acres lot,39.42,-123.39969
119,"0 Rosewood Blvd, Edwards, CA 93523",6.07,6250.0,acres lot,35.080,-117.8220
120,"Rosewood Blvd, Edwards, CA 93523",6.07,6250.0,acres lot,35.08,-117.7900
121,"20208 Powder Horn Rd, Hidden Valley Lake, CA 95467",0.39,6500.0,acres lot,38.792,-122.5367
122,"200 Vac Vic Ave, Lancaster, CA 93535",2.66,6500.0,acres lot,34.7,-117.9503
123,"4 Lotz Ct UNIT 5-18, Weed, CA 96094",0.43,6500.0,acres lot,41.513,-122.3744
124,"LOT 136 Hill Dr, Weed, CA 96094",0.49,6500.0,acres lot,41.422,-122.38612
125,"Garrett St, California City, CA 93505",0.26,6500.0,acres lot,35.2202,-117.78100
126,"Whitworth Ave, California City, CA 93505",0.27,6500.0,acres lot,35.2272,-117.76858
127,"0 La Bonita, Boron, CA 93516",3.85,6500.0,acres lot,34.9757,-117.51547
128,"0 Berendo Dr, California City, CA 93505",0.25,6500.0,acres lot,35.1779,-117.81757
129,"0 Vernon Dr, California City, CA 93505",0.31,6500.0,acres lot,35.1730,-117.82536
130,"0 Colette Cul De Sac, Barstow, CA 92311",2.38,6500.0,acres lot,34.8957,-117.01720
131,"0 Ridgecrest Blvd, Inyokern, CA 93527",2.5,6500.0,acres lot,35.618,-117.8459
132,"0 Waggoner Dr, California City, CA 93505",0.25,6650.0,acres lot,35.193,-117.77444
133,"0 Carl Dr, California City, CA 93505",0.28,6650.0,acres lot,35.1740,-117.82629
134,"Tamarack Ave, California City, CA 93505",2.53,6700.0,acres lot,35.1115,-117.91420
135,"0 250th St E, Lancaster, CA 93535",1.03,6795.0,acres lot,34.697,-117.6797
136,"Vic 210 Ste Vic Ave #F8, Lancaster, CA 93535",2.51,6800.0,acres lot,34.6511,-117.7036
137,"0 Mountain General Rd, Hinkley, CA 92347",5.0,6800.0,acres lot,34.96574,-117.153957
138,"2668 Summit Trl, Quincy, CA 95971",0.42,6900.0,acres lot,39.90,-120.7418
139,"0 Dorado Rd, Alturas, CA 96101",0.84,6900.0,acres lot,41.4172,-120.707162
140,"0 Haven Rd, Boron, CA 93516",2.26,6900.0,acres lot,35.02368,-117.570950
141,"15669 Little Peak Rd, Hidden Valley Lake, CA 95467",0.46,6950.0,acres lot,38.8299,-122.5641
142,"27622101005 Oldsmobile Blvd, California City, CA 93505",1.04,6990.0,acres lot,35.1889,-117.80016
143,"Collins Ave, California City, CA 93505",2.5,6990.0,acres lot,35.1258,-117.98590
144,"276-221 Oldsmobile Blvd #1, California City, CA 93505",1.04,6990.0,acres lot,35.1889,-117.80016
145,"Cindy Dr, California City, CA 93505",1.88,6990.0,acres lot,35.195,-117.75696
146,"Neuralia Rd, Cantil, CA 93519",2.5,6990.0,acres lot,35.261,-117.9592
147,"Washburn Blvd, California City, CA 93505",2.7,6990.0,acres lot,35.2037,-117.68439
148,"211-144 Isabella Blvd #13, California City, CA 93505",0.25,6999.0,acres lot,35.1280,-117.9949
149,"Isabella Blvd, California City, CA 93505",0.25,6999.0,acres lot,35.1280,-117.9949
150,"(undisclosed Address), Hidden Valley Lake, CA 95467",0.25,7000.0,acres lot,38.8076,-122.560148
151,"18227 N Shore Dr, Hidden Valley Lake, CA 95467",0.56,7000.0,acres lot,38.8156,-122.5706
152,"1 Mountain Wood Dr LOT 234, Weed, CA 96094",0.74,7000.0,acres lot,41.422,-122.38612
153,"0 Near Shaves Ave, Hinkley, CA 92347",2.5,7000.0,acres lot,34.9347,-117.19921
154,"1 Hansen & Munivez, California City, CA 93505",0.41,7000.0,acres lot,35.1258,-117.98590
155,"1 Waterman & S O Denise, California City, CA 93505",0.26,7000.0,acres lot,35.1258,-117.98590
156,"1 Timlin Way, California City, CA 93505",0.36,7000.0,acres lot,35.2304,-117.76154
157,"1 Santa Clara St #&-W/O, California City, CA 93505",0.26,7000.0,acres lot,35.1258,-117.98590
158,"Bucknell Road & N O Rice Ave, California City, CA 93505",0.35,7000.0,acres lot,35.1258,-117.98590
159,"Santa Clara St #&-W/O, California City, CA 93505",0.26,7000.0,acres lot,35.1258,-117.98590
160,"Timlin Way, California City, CA 93505",0.36,7000.0,acres lot,35.2304,-117.76154
161,"Waterman Street & S O Denise Ave, California City, CA 93505",0.26,7000.0,acres lot,35.1258,-117.98590
162,"Hansen Street & Munivez St, California City, CA 93505",0.41,7000.0,acres lot,35.2348,-117.76370
163,"0 Near Apache Rd, Boron, CA 93516",10.0,7000.0,acres lot,35.0011,-117.66192
164,"0 Le Conte St, California City, CA 93505",0.32,7000.0,acres lot,35.215,-117.7767
165,"W Catalina Ln, Ridgecrest, CA 93555",1.01,7000.0,acres lot,35.579,-117.719
166,"20th St W, Mojave, CA 93501",2.5,7000.0,acres lot,34.977,-118.0984
167,"Woodleaf Dr, Alturas, CA 96101",0.97,7000.0,acres lot,41.3227,-120.7912
168,"0 Unknown Outside, Los Angeles, CA 90003",1.25,7000.0,acres lot,33.9660,-118.27268
169,"0 Unkown Outside, Los Angeles, CA 90003",1.25,7000.0,acres lot,33.9660,-118.27268
170,"0 Casale Rd, Pacific Palisades, CA 90272",1.25,7000.0,acres lot,34.061,-118.5029
171,"0 Gener St, California City, CA 93505",0.25,7000.0,acres lot,35.1808,-117.80109
172,"Haver Ave, California City, CA 93505",0.27,7000.0,acres lot,35.154,-117.82264
173,"3 Chrysler Dr, California City, CA 93505",0.65,7000.0,acres lot,35.1614,-117.82614
174,"9 1/219 Brazos Ct, Weed, CA 96094",0.28,7000.0,acres lot,41.5475,-122.38045
175,"0 No Street Ave, Hinkley, CA 92347",5.0,7000.0,acres lot,34.9347,-117.19921
176,"1 Bucknell Rd, California City, CA 93505",0.35,7000.0,acres lot,35.2427,-117.7742
177,"0 Tousseau Ln, California City, CA 93505",0.25,7000.0,acres lot,35.2184,-117.78326
178,"1564 Desert Sand St, Salton Sea, CA 92275",0.29,7000.0,acres lot,33.4739,-115.88471
179,"Tousseau Ln, California City, CA 93504",0.25,7000.0,acres lot,35.2184,-117.78326
180,"Sally Ave, California City, CA 93505",0.36,7000.0,acres lot,35.134,-117.9563
181,"Unknown, California City, CA 93505",2.86,7000.0,acres lot,35.1258,-117.98590
182,"0 Luzon Dr, California City, CA 93505",0.28,7000.0,acres lot,35.2112,-117.77932
183,"Beaver Dr, Alturas, CA 96101",1.47,7000.0,acres lot,41.5397,-120.534852
184,"Grande Rd, Alturas, CA 96101",1.49,7000.0,acres lot,41.408,-120.6579
185,"Buffalo Dr, Alturas, CA 96101",1.47,7000.0,acres lot,41.557,-120.5308
186,"2235 Goose Rd, Willits, CA 95490",0.44,7000.0,acres lot,39.4414,-123.39826
187,"1 Todd Ln, Twentynine Palms, CA 92277",1.25,7250.0,acres lot,34.160,-116.098278
188,"0 Uknown, Needles, CA 92363",7.5,7500.0,acres lot,34.848,-114.61413
189,"Mahogany Way, Lookout, CA 96054",1.14,7500.0,acres lot,41.22,-121.21344
190,"87 Lane, Hornbrook, CA 96044",2.5,7500.0,acres lot,41.9101,-122.55585
191,"0 Nr Ave #I4, Lancaster, CA 93535",2.55,7500.0,acres lot,34.767,-117.7301
192,"0 Nr Ave #D4, Lancaster, CA 93535",2.5,7500.0,acres lot,34.767,-117.7301
193,"Unit 155-LOT 2, Weed, CA 96094",0.26,7500.0,acres lot,41.422,-122.38612
194,"0 Vac Vic Ave #8/146, Pearblossom, CA 93553",3.12,7500.0,acres lot,34.492,-117.8999
195,"Vic Ave W #W8-146, Pearblossom, CA 93553",2.42,7500.0,acres lot,34.492,-117.8999
196,"0 Vicinity Ave #1-4, Lancaster, CA 93535",1.28,7500.0,acres lot,34.6873,-118.10118
197,"0 Tamarisk Rd, Adelanto, CA 92301",2.28,7500.0,acres lot,34.73716,-117.616561
198,"1 Buckthorne Dr, Cedarpines Park, CA 92322",0.31,7500.0,acres lot,34.252,-117.33022
199,"0 Nelly Dr, California City, CA 93505",1.69,7500.0,acres lot,35.1436,-117.83863
200,"16242 Stagecoach Rd, Corning, CA 96021",1.8,7500.0,acres lot,39.823,-122.5235
201,"8 Mre Mallard Ln, Alturas, CA 96101",1.47,7500.0,acres lot,41.4871,-120.54232
202,"Vicinity Avenue Eas #I4, Lancaster, CA 93535",2.55,7500.0,acres lot,40.03546,-76.506613
203,"Vicinity I 4 & 122nd St E, Lancaster, CA 93535",1.28,7500.0,acres lot,34.62382,-117.894259
204,"Unit Lake Shastina Dr #4-LOT 344, Weed, CA 96094",0.25,7500.0,acres lot,41.522,-122.3746
205,"1 17th E, Mojave, CA 93501",2.5,7500.0,acres lot,35.052,-118.17396
206,"N/o Silver Queen & 17th E, Mojave, CA 93501",2.5,7500.0,acres lot,35.052,-118.17396
207,"N Clover Dr, California City, CA 93505",0.33,7500.0,acres lot,35.135,-118.0074
208,"25033 Brooktrails Dr, Willits, CA 95490",0.25,7500.0,acres lot,39.440,-123.38396
209,"Vic Aqueduct 110th Ste, Pearblossom, CA 93553",3.04,7600.0,acres lot,34.5063,-117.90978
210,"0 Vac Vic Aqueduct 110th Est, Littlerock, CA 93543",3.04,7600.0,acres lot,34.497,-117.9332
211,"LOT 123 Lake Side Ln, Hornbrook, CA 96044",2.6,7700.0,acres lot,41.9101,-122.55585
212,"0 Unknown, Twentynine Palms, CA 92277",0.62,7750.0,acres lot,34.1356,-116.05435
213,"Carp St UNIT 4, Montague, CA 96064",2.76,7777.0,acres lot,41.907,-122.4450
214,"Vic Ave E #D4, Lancaster, CA 93535",2.5,7800.0,acres lot,34.760,-118.1439
215,"92-197 Mountain Wood Dr, Weed, CA 96094",0.31,7800.0,acres lot,41.541,-122.3835
216,"2 450th #19-000, Niland, CA 92257",5.07,7850.0,acres lot,33.2400,-115.51887
217,"0 Wadena, Boron, CA 93516",2.15,7860.0,acres lot,35.0011,-117.66192
218,"X4 Vic Ave #178, Llano, CA 93544",3.15,7873.0,acres lot,34.478,-117.6841
219,"LOT 132 Elkridge Rd, Weed, CA 96094",0.25,7900.0,acres lot,41.422,-122.38612
220,"Melody Lane And 130th St, Rosamond, CA 93560",2.49,7900.0,acres lot,34.8641,-118.16340
221,"0 Near Uns #95, Needles, CA 92363",10.0,7900.0,acres lot,34.848,-114.61413
222,"0 Antelope Dr W, California City, CA 93505",1.95,7900.0,acres lot,35.1895,-117.77724
223,"0 Salton Rd, Boron, CA 93516",2.19,7900.0,acres lot,34.995,-117.5373
224,"LOT 273 Stag Mountain Rd, Weed, CA 96094",0.45,7900.0,acres lot,41.422,-122.38612
225,"Lot 96 Harborview Dr, Weed, CA 96094",0.27,7900.0,acres lot,41.422,-122.38612
226,"0 Jacaranda Ave, California City, CA 93505",0.25,7900.0,acres lot,35.116,-117.9635
227,"0488-074-35 Powerline Rd, Hinkley, CA 92347",2.5,7950.0,acres lot,34.99627,-117.38091
228,"211-142 Olindo St #9, California City, CA 93505",0.25,7999.0,acres lot,35.1125,-117.99237
229,"9 1/231 Brazos Ct, Weed, CA 96094",0.3,7999.0,acres lot,41.5475,-122.38045
230,"30 30th St #E, Mojave, CA 93501",1.25,7999.0,acres lot,35.0194,-118.07841
231,"769 Lindley Loop, Whitethorn, CA 95589",0.29,8000.0,acres lot,40.040,-124.0606
232,"100 Stw Vic Ave E #C5, Lancaster, CA 93536",1.75,8000.0,acres lot,34.755,-118.4500
233,"LOT 202 Quanah Ct, Borrego Springs, CA 92004",0.47,8000.0,acres lot,33.209,-116.34278
234,"Lot 155 Stag Mountain Rd UNIT 4, Weed, CA 96094",0.27,8000.0,acres lot,41.51,-122.3794
235,"Lot 154 Stag Mountain Rd UNIT 4, Weed, CA 96094",0.25,8000.0,acres lot,41.51,-122.3794
236,"1 W Vicki Ave #395, Ridgecrest, CA 93555",2.52,8000.0,acres lot,35.638,-117.6897
237,"Vic Hwy #395, Ridgecrest, CA 93555",2.52,8000.0,acres lot,35.6225,-117.66994
238,"20 Hoedown Rd, Alturas, CA 96101",0.86,8000.0,acres lot,41.3001,-120.79876
239,"San Pablo Rd LOT 235, Borrego Springs, CA 92004",0.36,8000.0,acres lot,33.218,-116.368
240,"100 Vac Vic Ave, Lancaster, CA 93535",2.66,8000.0,acres lot,34.762,-118.1252
241,"76 Saint, California City, CA 93505",0.25,8000.0,acres lot,35.1133,-117.99346
242,"0 Vac 210 Ste Vic Ave #H11, Lancaster, CA 93535",2.62,8000.0,acres lot,34.641,-117.6764
243,"11277-11277 Holiday Dr #B, Clipper Mills, CA 95930",0.37,8000.0,acres lot,39.53,-121.1640
244,"1 Hundredth St, Mojave, CA 93501",2.5,8000.0,acres lot,35.052,-118.17396
245,"9999 Adobe Rd, Twentynine Palms, CA 92277",2.52,8000.0,acres lot,34.197,-115.9209
246,"0 Beckworth Rd, Santa Margarita, CA 93453",2.5,8000.0,acres lot,35.283,-119.8721
247,"Vic Avenue Stw #E2-130, Lancaster, CA 93536",2.49,8000.0,acres lot,34.7037,-118.34183
248,"0 Apn 233 130 35 #233130, Edwards, CA 93523",5.0,8000.0,acres lot,34.9260,-117.93506
249,"0 State Highway 58, Los Angeles, CA 90003",0.99,8000.0,acres lot,34.0621,-118.25973
250,"0 Jasper St, Buttonwillow, CA 93206",0.56,8000.0,acres lot,47.5965,-52.71767
251,"0 Duquesne St, California City, CA 93505",9.98,8000.0,acres lot,35.1743,-117.78212
252,"0 Calimesa Trl, Santa Margarita, CA 93453",2.5,8000.0,acres lot,35.289,-119.92940
253,"Duquesne St, California City, CA 93505",9.98,8000.0,acres lot,35.1743,-117.78212
254,"0 Valenzuela Ave, California City, CA 93505",0.27,8000.0,acres lot,35.2009,-117.80254
255,"0 Fairmont Ave, Boron, CA 93516",2.05,8000.0,acres lot,45.4045,-75.72389
256,"Fattaleh Ct, California City, CA 93505",1.95,8000.0,acres lot,35.2069,-117.73590
257,"Grayson St, California City, CA 93505",1.85,8000.0,acres lot,35.1674,-117.81514
258,"Mountain Goat Dr, Alturas, CA 96101",2.56,8000.0,acres lot,41.5564,-120.55722
259,"San Pablo Rd LOT 234, Borrego Springs, CA 92004",0.35,8000.0,acres lot,33.218,-116.368
260,"Rocky Hill Rd, Onyx, CA 93255",0.31,8000.0,acres lot,35.686,-118.2175
261,"0 N Bellaire, North Edwards, CA 93523",1.45,8000.0,acres lot,34.9260,-117.93506
262,"0 Avenue 15, Mojave, CA 93501",0.34,8000.0,acres lot,35.10030,-118.174886
263,"11234 Winding Way, Clipper Mills, CA 95930",0.43,8000.0,acres lot,39.535,-121.1662
264,"6260 Merry Way, Clipper Mills, CA 95930",0.35,8000.0,acres lot,39.53,-121.1612
265,"0 Helendale Rd, Helendale, CA 92342",5.0,8150.0,acres lot,34.7602,-117.32870
266,"0 E Douglas Ave, Mojave, CA 93501",1.25,8200.0,acres lot,35.061,-118.1887
267,"0542-101-62 Road, Newberry Springs, CA 92365",10.31,8350.0,acres lot,34.827,-116.68836
268,"43 Santa Fe Ave, Hinkley, CA 92347",5.0,8450.0,acres lot,34.935,-117.19311
269,"44 Santa Fe Ave, Hinkley, CA 92347",5.0,8450.0,acres lot,34.935,-117.19311
270,"5 Ac Close To Hoffman Rd, Barstow, CA 92311",5.0,8500.0,acres lot,34.8957,-117.01720
271,"135th Street E & Ave #E8, Lancaster, CA 93536",2.5,8500.0,acres lot,34.6761,-118.20558
272,"Vera Ave, Inyokern, CA 93527",2.46,8500.0,acres lot,35.643,-117.8070
273,"28802205003 Washburn Blvd, California City, CA 93505",1.85,8500.0,acres lot,35.1842,-117.96800
274,"288-022 Washburn Blvd #5, California City, CA 93505",1.85,8500.0,acres lot,35.1842,-117.96800
275,"0 Manacor Rd, Hinkley, CA 92347",2.32,8500.0,acres lot,34.9442,-117.1813
276,"135 Vac Vic Ave #8/135, Lancaster, CA 93536",2.5,8500.0,acres lot,34.696,-118.3320
277,"0 Tamarisk St, Barstow, CA 92311",2.04,8500.0,acres lot,34.872,-117.10279
278,"9 2/63 Stone Crest Dr, Weed, CA 96094",0.3,8500.0,acres lot,41.53,-122.3835
279,"Claymine Rd, Edwards, CA 93523",2.03,8500.0,acres lot,35.027,-117.833
280,"101 Auburn Ct, Boron, CA 93516",2.31,8600.0,acres lot,35.02516,-117.577223
281,"112 Salem Ave, Boron, CA 93516",2.39,8700.0,acres lot,35.02959,-117.574009
282,"104 Auburn Ct, Boron, CA 93516",2.13,8800.0,acres lot,35.02516,-117.577223
283,"105 Concord Ave, Boron, CA 93516",2.46,8800.0,acres lot,35.02516,-117.577223
284,"034-180 Unincorporated #14-000, Borrego Springs, CA 92004",10.01,8800.0,acres lot,33.2566,-116.37826
285,"0 Breezy Blvd, Clipper Mills, CA 95930",1.28,8900.0,acres lot,39.5358,-121.16778
286,"108 Farmington Rd, Boron, CA 93516",1.92,8900.0,acres lot,35.02761,-117.552840
287,"0 Corona Trl, Santa Margarita, CA 93453",2.5,8900.0,acres lot,35.318,-119.97364
288,"7 2/188 Cottontail Dr, Weed, CA 96094",0.27,8900.0,acres lot,41.498,-122.36509785714
289,"740-275 Sage Valley Rd, Herlong, CA 96113",1.4,8900.0,acres lot,40.137,-120.1826
290,"Vic Ave #D-10, Lancaster, CA 93535",2.57,8950.0,acres lot,34.752,-117.7323
291,"Vic Ave #C-10, Lancaster, CA 93535",2.57,8950.0,acres lot,34.752,-117.7323
292,"Muletail Rd, Adin, CA 96006",1.07,8950.0,acres lot,41.2936,-120.88702
293,"0 Off Silver Mountain, Helendale, CA 92342",5.0,8999.0,acres lot,34.69247,-117.265298
294,"21 21st St #E, Mojave, CA 93501",2.52,8999.0,acres lot,33.8686,-118.40369
295,"1014 Paraguay Ave, Thermal, CA 92274",0.28,9000.0,acres lot,33.2811,-115.9455
296,"13100 Vac Vic Ave #4/130, Lancaster, CA 93536",2.48,9000.0,acres lot,34.696,-118.3320
297,"Vic Ave #E4, Lancaster, CA 93535",2.48,9000.0,acres lot,34.753,-117.7090
298,"2663 Borrego Springs Rd #31, Borrego Springs, CA 92004",0.57,9000.0,acres lot,33.2770,-116.37509
299,"2663 Borrego Springs Rd, Borrego Springs, CA 92004",0.57,9000.0,acres lot,33.2770,-116.37509
300,"20837 Ferretti Rd, Groveland, CA 95321",0.42,9000.0,acres lot,37.8583,-120.18163
301,"Vac Vic Sopp Road & 30th St W, Mojave, CA 93501",2.5,9000.0,acres lot,35.052,-118.17396
302,"Vic Cal City Blvd, Mojave, CA 93501",2.53,9000.0,acres lot,35.052,-118.17396
303,"0 Gephart Rd #20, Boron, CA 93516",2.66,9000.0,acres lot,35.039,-117.7417
304,"0 Saint Moritz Pl #166, Tehachapi, CA 93561",2.51,9000.0,acres lot,35.068,-118.516
305,"235 Ste Ave #F-2, Lancaster, CA 93535",2.57,9000.0,acres lot,34.705,-117.69049
306,"0 Pipeline Rd OUTSIDE AR (INSIDE CA, Los Angeles, CA 93000",0.62,9000.0,acres lot,34.0536,-118.24276
307,"0 Ferretti Rd, Groveland, CA 95321",0.25,9000.0,acres lot,37.8442,-120.1323
308,"351-36-101004 California City Blvd, Edwards, CA 93523",2.51,9000.0,acres lot,35.057,-117.8881
309,"80th St W, Mojave, CA 93501",2.52,9000.0,acres lot,35.0642,-118.25092
310,"0 Near Rabbit Springs Rd, Lucerne Valley, CA 92356",2.5,9000.0,acres lot,34.4578,-116.74772
311,"0 Saint Moritz Pl, Tehachapi, CA 93561",2.51,9000.0,acres lot,35.068,-118.516
312,"5390110 2nd, Newberry Springs, CA 92365",0.75,9000.0,acres lot,34.827,-116.68836
313,"5391240 83rd, Newberry Springs, CA 92365",1.65,9000.0,acres lot,34.827,-116.68836
314,"Gephart Rd, Boron, CA 93516",2.66,9000.0,acres lot,35.039,-117.7417
315,"0 Hinkley, Oro Grande, CA 92368",2.28,9000.0,acres lot,34.5988,-117.33421
316,"0 Vac Avenue J4 Vic 226 Ste, Lancaster, CA 93535",2.55,9000.0,acres lot,34.6864,-117.71139
317,"0 Vacant, Mojave, CA 93501",3.24,9000.0,acres lot,35.052,-118.17396
318,"Alejandro Rd, California City, CA 93505",0.33,9000.0,acres lot,35.225,-117.76074
319,"260 Th St, Adelanto, CA 92301",4.77,9000.0,acres lot,34.68,-117.6659
320,"3875 Dogwood Ter, Willits, CA 95490",0.28,9000.0,acres lot,39.448,-123.4196
321,"11290 Holiday Dr, Clipper Mills, CA 95930",0.32,9000.0,acres lot,39.533,-121.1643
322,"Palm Canyon Dr, Borrego Springs, CA 92004",4.71,9000.0,acres lot,33.186,-116.2538
323,"0 E State Highway 58, Boron, CA 93516",2.01,9499.0,acres lot,35.038,-118.0060
324,"1067 Cole Pl, Thermal, CA 92274",0.27,9500.0,acres lot,33.289,-115.9560
325,"1379 Morro Ave, Thermal, CA 92274",0.25,9500.0,acres lot,33.2787,-115.97617
326,"740-625 Sage Valley Rd, Herlong, CA 96113",1.5,9500.0,acres lot,40.137,-120.1784
327,"Vic Ave #G4, Lancaster, CA 93535",1.25,9500.0,acres lot,34.706,-117.6902
328,"0 Avenue N8 #NR, Palmdale, CA 93591",2.59,9500.0,acres lot,34.622,-117.7108
329,"0 Nr Ave #10, Palmdale, CA 93591",2.49,9500.0,acres lot,34.54,-117.9058
330,"50th St W, Mojave, CA 93501",2.5,9500.0,acres lot,34.9436,-118.22107
331,"Avenue N8, Palmdale, CA 93591",2.59,9500.0,acres lot,34.623,-117.6976
332,"0 Grindelwald Dr #155, Tehachapi, CA 93561",2.8,9500.0,acres lot,35.064,-118.535
333,"12190 Cambria Rd, Santa Margarita, CA 93453",2.5,9500.0,acres lot,35.316,-119.9343
334,"0 Vicinity Ave #I-2-97, Lancaster, CA 93535",2.5,9500.0,acres lot,34.6873,-118.10118
335,"0 Vicinity Ave #H10 & 145, Lancaster, CA 93535",2.6,9500.0,acres lot,36.053,-119.1464
336,"96th Street East And L #10, Lancaster, CA 93535",2.57,9500.0,acres lot,34.6873,-118.10118
337,"1067 Cole Pl, Salton City, CA 92275",0.27,9500.0,acres lot,33.271,-115.94992
338,"265 Stw, Rosamond, CA 93560",2.54,9500.0,acres lot,34.7037,-118.34186
339,"0 Alker Rdg, Lucerne Valley, CA 92356",2.5,9500.0,acres lot,34.4436,-116.94552
340,"0 Granit Wells Rd, Red Mountain, CA 93558",4.94,9500.0,acres lot,35.35374,-117.501279
341,"Fulton St, California City, CA 93505",0.3,9500.0,acres lot,35.2282,-117.75692
342,"0 Angel St, Rosamond, CA 93560",2.06,9500.0,acres lot,34.932,-118.29706
343,"Vicinity Ave #H-10, Lancaster, CA 93535",2.6,9500.0,acres lot,34.62203,-117.895755
344,"Vicinity Ave #I-2, Lancaster, CA 93535",2.5,9500.0,acres lot,34.6873,-118.10118
345,"0 Belden Rd, Santa Margarita, CA 93453",2.55,9500.0,acres lot,35.2782,-119.86961
346,"Vic Ave #N10, Palmdale, CA 93591",2.49,9500.0,acres lot,34.613,-117.7342
347,"0 Walker Rd, Landers, CA 92285",2.47,9500.0,acres lot,34.2661,-116.3930
348,"1 Raymond Ave, California City, CA 93505",2.53,9500.0,acres lot,35.14,-117.95668
349,"0 Kiloran St, Newberry Springs, CA 92365",2.91,9500.0,acres lot,34.9006,-116.61146
350,"0 Cheney Creek Rd, Susanville, CA 96130",5.0,9500.0,acres lot,40.400,-120.6889
351,"0 Kramer Station Rd, Kramer Junction, CA 93516",1.25,9500.0,acres lot,34.987,-117.59487
352,"0 Fremont Peak Rd, Hinkley, CA 92347",10.0,9500.0,acres lot,35.1968,-117.47520
353,"0 50th St W, Mojave, CA 93501",2.5,9500.0,acres lot,34.9436,-118.22107
354,"446-800 Honey Lake Dr, Herlong, CA 96113",1.4,9500.0,acres lot,40.138,-120.1905
355,"446-825 Honey Lake Dr, Herlong, CA 96113",1.7,9500.0,acres lot,40.138,-120.1895
356,"7151 Coyote Point, Corning, CA 96021",1.67,9700.0,acres lot,40.0058,-122.4098
357,"22277 River View Dr, Cottonwood, CA 96022",0.27,9700.0,acres lot,40.36,-122.2067
358,"6 Gorgonio Dr, Twentynine Palms, CA 92277",2.5,9750.0,acres lot,34.114,-116.0053
359,"3 Gorgonio Dr, Twentynine Palms, CA 92277",2.5,9750.0,acres lot,34.114,-116.0053
360,"Rudnick Boulevard And 145th St, California City, CA 93505",2.15,9800.0,acres lot,35.1698,-117.87093
361,"0 Alcudia Rd, Hinkley, CA 92347",4.92,9800.0,acres lot,34.9374,-117.15707
362,"0 Off Field Rd, Newberry Springs, CA 92365",10.31,9870.0,acres lot,34.827,-116.68836
363,"210 Thunderbird Blvd, California City, CA 93505",2.32,9885.0,acres lot,35.1952,-117.83371
364,"21807 Baldy Pl, Cottonwood, CA 96022",0.39,9899.0,acres lot,40.369,-122.2246
365,"20240 Powder Horn Rd, Hidden Valley Lake, CA 95467",0.4,9900.0,acres lot,38.791,-122.5363
366,"17678 Deer Hill Rd, Hidden Valley Lake, CA 95467",0.32,9900.0,acres lot,38.822,-122.5672
367,"10660 Harbor Rd, Kelseyville, CA 95451",0.28,9900.0,acres lot,38.9588,-122.70976
368,"2478 Edward Ave, Thermal, CA 92274",0.26,9900.0,acres lot,33.308,-115.9396
369,"80447 A St, Trona, CA 93562",0.29,9900.0,acres lot,35.714,-117.39768
370,"0 E Avenue T8 #&-210, Palmdale, CA 93552",2.51,9900.0,acres lot,34.564,-118.0752
371,"E Avenue T #8, Llano, CA 93544",2.51,9900.0,acres lot,34.53487,-117.739526
372,"0 Dunes, Winterhaven, CA 92283",11.85,9900.0,acres lot,32.7831,-114.79718
373,"0 Iron Mountain Rd, Barstow, CA 92311",10.0,9900.0,acres lot,34.868,-117.2047
374,"Vic Ave #L6, Lancaster, CA 93535",1.24,9900.0,acres lot,34.753,-117.7090
375,"Browndeer Rd UNIT 4, Weed, CA 96094",0.39,9900.0,acres lot,41.514,-122.3781
376,"Unit Desavado #5-LOT 32, Montague, CA 96064",1.03,9900.0,acres lot,41.7282,-122.52739
377,"E Avenue R6 SUITE 147, Littlerock, CA 93543",0.8,9900.0,acres lot,34.493,-117.9365
378,"31 Salinas Rd, Hinkley, CA 92347",2.33,9900.0,acres lot,34.9506,-117.17309
379,"33 Salinas Rd, Hinkley, CA 92347",1.92,9900.0,acres lot,34.9506,-117.17309
380,"0 Vac Avenue R6 147th Ste, Littlerock, CA 93543",0.8,9900.0,acres lot,34.554,-117.9563
381,"E Corner Ave #I-188, Lancaster, CA 93535",2.25,9900.0,acres lot,34.760,-118.322
382,"Desavado Rd UNIT 5, Montague, CA 96064",1.03,9900.0,acres lot,41.894,-122.4273
383,"0 Locust Rd, Boron, CA 93516",2.16,9900.0,acres lot,35.07160,-117.544607
384,"71568 Randsburg Mojave Rd, California City, CA 93505",1.89,9900.0,acres lot,35.136,-117.9305
385,"9689 Elliott Dr, Cobb, CA 95426",0.25,9950.0,acres lot,38.849,-122.7296
386,"95XX W Avenue Of The Stars, Rosamond, CA 93560",2.15,9950.0,acres lot,34.885,-118.2186
387,"E Avenue J #2, Lancaster, CA 93535",2.55,9950.0,acres lot,34.68810,-117.729429
388,"N 225th St E, Lancaster, CA 93535",2.44,9950.0,acres lot,34.663,-117.6754
389,"0 Near Covelo Rd, Landers, CA 92285",2.5,9950.0,acres lot,34.2661,-116.3930
390,"0 Near Jerome St, Boron, CA 93516",1.25,9950.0,acres lot,35.0011,-117.66192
391,"0 Old Hwy #58, Boron, CA 93516",2.26,9990.0,acres lot,41.494,-122.511
392,"0 Near Ca 58 Hwy, Hinkley, CA 92347",10.0,9990.0,acres lot,34.88743,-117.093212
393,"0 106th St W, Rosamond, CA 93560",2.29,9990.0,acres lot,34.9490,-118.32078
394,"0 Vac Vic 213 Stw Ave #C8, Lancaster, CA 93536",2.51,9994.0,acres lot,34.701,-118.2185
395,"126th Street East Nr Ave #H10, Lancaster, CA 93535",2.58,9995.0,acres lot,37.07435958,-119.69937515307
396,"5 Unknown, Twentynine Palms, CA 92277",5.0,9995.0,acres lot,34.1356,-116.05435
397,"7095 Cougar Dr, Corning, CA 96021",2.13,9999.0,acres lot,40.004,-122.40659
398,"17421 Mountain Climber Way #32, Tehachapi, CA 93561",4.0,9999.0,acres lot,35.074,-118.5543
399,"Bobtail Lane & 245th St W, Rosamond, CA 93560",2.74,9999.0,acres lot,34.8382,-118.56365
400,"Vac Bobtail Lane & 245th St W, Rosamond, CA 93560",2.53,9999.0,acres lot,34.8641,-118.16340
401,"7-7 Coyote Lake Rd, Newberry Springs, CA 92365",7.52,9999.0,acres lot,35.0051,-116.6911
402,"272-102 Volvo Ct #2, California City, CA 93505",0.34,9999.0,acres lot,35.1848,-117.80377
403,"272-210 Xenios Ct #7, California City, CA 93505",1.0,9999.0,acres lot,35.1774,-117.82481
404,"Whitepine St UNIT 3, Hornbrook, CA 96044",1.0,9999.0,acres lot,41.909,-122.5150
405,"0 Near Chamisal St, Adelanto, CA 92301",2.5,9999.0,acres lot,34.612,-117.6379
406,"Truman Rd, Rosamond, CA 93560",2.5,9999.0,acres lot,34.875,-118.2142
407,"0 Bobtail Ln, Rosamond, CA 93560",2.74,9999.0,acres lot,34.8404,-118.19534
408,"19137 Colt Ct, Hidden Valley Lake, CA 95467",0.26,10000.0,acres lot,38.8184,-122.55274
409,"14028 Hogan Hill Ln, Cobb, CA 95426",0.39,10000.0,acres lot,38.8523,-122.72330
410,"14765 Valley Ave, Clearlake, CA 95422",0.25,10000.0,acres lot,38.953,-122.6363
411,"14432 Snead Dr, Cobb, CA 95426",0.28,10000.0,acres lot,38.848,-122.7224
412,"1320 Bourbon Ave, Thermal, CA 92274",0.26,10000.0,acres lot,33.343,-115.97442
413,"3005 Firewood Ave, Thermal, CA 92274",0.27,10000.0,acres lot,33.3471,-115.97333
414,"2416 Shore Side Ave, Thermal, CA 92274",0.29,10000.0,acres lot,33.303,-115.9525
415,"2414 Shore Side Ave, Thermal, CA 92274",0.29,10000.0,acres lot,33.30,-115.9523
416,"2129 Buenos Aires Pl, Thermal, CA 92274",0.37,10000.0,acres lot,33.2824,-115.95303
417,"17691 Mountain Climber Way, Tehachapi, CA 93561",3.22,10000.0,acres lot,35.076,-118.5540
418,"13431 Seven Mile Rd, Santa Margarita, CA 93453",2.5,10000.0,acres lot,35.287,-119.9012
419,"Vic Avenue Stw #E14-140, Lancaster, CA 93536",2.5,10000.0,acres lot,34.7037,-118.34183
420,"El Tejon Rd #155, Borrego Springs, CA 92004",0.38,10000.0,acres lot,33.225,-116.3689
421,"E Avenue F #12, Lancaster, CA 93535",1.26,10000.0,acres lot,34.7411,-118.02375
422,"LOT 413 Hornbrook Ager Rd, Hornbrook, CA 96044",1.08,10000.0,acres lot,41.8662,-122.46057
423,"0 Vac Avenue F4 Vic SUITE 230, Lancaster, CA 93535",2.54,10000.0,acres lot,34.745,-117.9248
424,"0 Asti Trl, Santa Margarita, CA 93453",2.5,10000.0,acres lot,35.28382,-119.85408
425,"0 Corn Camp Rd, Buttonwillow, CA 93206",1.25,10000.0,acres lot,35.4376,-119.51799
426,"0 7th Standard Rd, Buttonwillow, CA 93206",1.25,10000.0,acres lot,35.416,-119.3541
427,"0 7th Standard Rd #NA, Buttonwillow, CA 93206",1.2,10000.0,acres lot,35.416,-119.3541
428,"51 E Ave, Lancaster, CA 93535",2.6,10000.0,acres lot,34.6607,-117.96747
429,"0 Henry Ave, California City, CA 93505",2.06,10000.0,acres lot,35.1445,-117.88174
430,"0 Olivetti St, California City, CA 93505",0.29,10000.0,acres lot,35.22,-117.76216
431,"260 Saint East Nr Ave #I-8, Lancaster, CA 93535",2.53,10000.0,acres lot,34.6981,-118.13661
432,"0 Avenue I8, Lancaster, CA 93535",2.53,10000.0,acres lot,34.697,-117.757
433,"260th Street East Nr Ave #I-8, Lancaster, CA 93535",2.53,10000.0,acres lot,34.6981,-118.13661
434,"Avenue I8 E, Lancaster, CA 93535",2.53,10000.0,acres lot,34.698,-117.701
435,"1 Gibbs St, California City, CA 93505",2.53,10000.0,acres lot,35.1110,-118.02129
436,"0 Avenue Of The Stars #51, Rosamond, CA 93560",1.68,10000.0,acres lot,34.885,-118.2186
437,"Avenue K12 Vic Ste #216, Lancaster, CA 93535",2.55,10000.0,acres lot,34.664,-117.9157
438,"1 Na, Mojave, CA 93501",0.64,10000.0,acres lot,35.052,-118.17396
439,"6193110 Two Mile Rd, Twentynine Palms, CA 92277",0.62,10000.0,acres lot,34.151,-115.80118
440,"Lots 6 & 7 Hu3 Quartz Rd, Alturas, CA 96101",2.1,10000.0,acres lot,41.3018,-120.79694
441,"0 Vac Vic H12/170 Ave SUITE Z, Lancaster, CA 93535",2.59,10000.0,acres lot,45.256,-66.09134
442,"LOT 431 Buffalo St, Hornbrook, CA 96044",2.5,10000.0,acres lot,41.882,-122.4953
443,"0 Tony Ct, California City, CA 93505",10.0,10000.0,acres lot,35.1945,-117.84226
444,"1 Tony Ct, California City, CA 93505",10.0,10000.0,acres lot,35.1945,-117.84226
445,"0 Vac Avenue F14 Vic SUITE 198, Lancaster, CA 93535",0.3,10000.0,acres lot,34.671,-117.9186
446,"Vic Avenue A4, Lancaster, CA 93534",2.37,10000.0,acres lot,34.751,-118.2091
447,"4200 Vac Vic Ave, Lancaster, CA 93535",2.59,10000.0,acres lot,34.706,-117.6902
448,"12361 Cambria Rd, Santa Margarita, CA 93453",2.5,10000.0,acres lot,35.316,-119.9343
449,"17691 Mountain Climber Way #25, Tehachapi, CA 93561",3.22,10000.0,acres lot,35.076,-118.5540
450,"San Lucas Dr, California City, CA 93505",0.26,10000.0,acres lot,35.2110,-117.81937
451,"E Springer Ave #511-03, Ridgecrest, CA 93555",4.95,10000.0,acres lot,35.592,-117.6522
452,"LOT 1204-PN19 0th Trac, Lost Hills, CA 93249",1.26,10000.0,acres lot,35.6163,-119.69434
453,"0 Sec Run #28-TOWNSHP, Buttonwillow, CA 93206",1.03,10000.0,acres lot,35.3997,-119.47410
454,"0 La Buena Tierra Avenue & Two Mile Rd, Twentynine Palms, CA 92277",1.25,10000.0,acres lot,34.1356,-116.05435
455,"14052 Bloomfield Rd, Santa Margarita, CA 93453",2.5,10000.0,acres lot,35.2782,-119.88509
456,"14050 Bloomfield Rd, Santa Margarita, CA 93453",2.5,10000.0,acres lot,35.2782,-119.88509
457,"14051 Bloomington Rd, Santa Margarita, CA 93453",2.5,10000.0,acres lot,35.2782,-119.88288
458,"216 Vac Avenue K12 Vic Est, Lancaster, CA 93535",2.55,10000.0,acres lot,34.66,-117.8246
459,"215 Vac Corner Ste Ave #K12, Lancaster, CA 93535",2.55,10000.0,acres lot,34.649,-118.129
460,"Moose & Possum Ln, Alturas, CA 96101",2.94,10000.0,acres lot,41.4871,-120.54232
461,"215 Vac Corner Ave, Lancaster, CA 93535",2.55,10000.0,acres lot,34.742,-117.7048
462,"Vic 147th East & Ave, Lancaster, CA 93535",2.3,10000.0,acres lot,34.6873,-118.10118
463,"Calsilco Avenue & Sun Pl, Inyokern, CA 93527",2.06,10000.0,acres lot,35.6059,-117.79642
464,"18907 Piney Ln, Paynes Creek, CA 96075",0.3,10000.0,acres lot,40.342,-121.78472
465,"Cymric Rd, Lost Hills, CA 93249",2.43,10000.0,acres lot,35.6163,-119.69434
466,"7 Park Knolls Blvd, Boron, CA 93516",1.0,10000.0,acres lot,35.0085,-117.6675
467,"4 Park Knolls Blvd, Boron, CA 93516",1.0,10000.0,acres lot,35.0085,-117.6675
468,"Vic Ave #B8-240, Lancaster, CA 93535",1.88,10000.0,acres lot,34.641,-117.6764
469,"197 Treet Ave, Lancaster, CA 93535",5.0,10000.0,acres lot,34.66,-117.7789
470,"201 E Laguna Ave, Mojave, CA 93501",1.25,10000.0,acres lot,34.9872,-118.21700
471,"0 Dirt Trac, Hinkley, CA 92347",2.24,10000.0,acres lot,34.9347,-117.19921
472,"Unit #2-LOT 39, Montague, CA 96064",2.6,10000.0,acres lot,41.7282,-122.52739
473,"0-A Avenue B12 St #228, Lancaster, CA 93535",2.5,10000.0,acres lot,34.816,-118.20583
474,"0-B Avenue B12 St #230, Lancaster, CA 93535",2.5,10000.0,acres lot,34.6873,-118.10118
475,"0 Apn #206-100-19, California City, CA 93505",2.53,10000.0,acres lot,35.1258,-117.98590
476,"0 Chambers Well Rd, Vidal, CA 92280",40.0,10000.0,acres lot,34.19721,-114.505818
477,"LOT 60 Tennis Ct, Weed, CA 96094",0.78,10000.0,acres lot,41.422,-122.38612
478,"0 Near Main St, Barstow, CA 92311",2.5,10000.0,acres lot,34.8957,-117.01720
479,"Ut 5 Lake Cove Rd LOT 171, Hornbrook, CA 96044",2.5,10000.0,acres lot,41.9101,-122.55585
480,"14500 Vac Vic Ave, Lancaster, CA 93536",2.5,10000.0,acres lot,34.696,-118.3320
481,"233 Ponderosa Ln LOT 235, Stonyford, CA 95979",0.45,10000.0,acres lot,39.3083,-122.51072
482,"0 Apn 464 301 34 Rd N, Lucerne Valley, CA 92356",20.0,10000.0,acres lot,34.4436,-116.94552
483,"475-200 Forty #-6, Rosamond, CA 93560",1.1,10000.0,acres lot,34.8641,-118.16340
484,"Sugarpine Pl UNIT 2, Hornbrook, CA 96044",1.02,10000.0,acres lot,41.8872,-122.47509
485,"70th St W, Mojave, CA 93501",2.5,10000.0,acres lot,34.94,-118.2568
486,"0 Apn 464 301 33 Rd, Lucerne Valley, CA 92356",20.0,10000.0,acres lot,34.4436,-116.94552
487,"0 Avenue Of The Stars, Rosamond, CA 93560",1.68,10000.0,acres lot,34.8859,-118.24858
488,"0 California City Blvd #1, California City, CA 93505",9.85,10000.0,acres lot,35.206,-117.7136
489,"Vic Ave #14-27, Lancaster, CA 93535",2.55,10000.0,acres lot,34.753,-117.7090
490,"E Arroyo Ave, Mojave, CA 93501",10.0,10000.0,acres lot,35.0702,-118.1140
491,"0 Near Powerline Rd, Lucerne Valley, CA 92356",10.0,10000.0,acres lot,34.4436,-116.94552
492,"0 Sky Ranch Rd, Adelanto, CA 92301",5.0,10000.0,acres lot,34.6099,-117.5254
493,"0 Vac Vic Avenue G4 226, Lancaster, CA 93535",5.26,10000.0,acres lot,34.706,-117.6902
494,"1000 Vac Vic Avenue A4 10, Lancaster, CA 93535",2.37,10000.0,acres lot,34.6981,-118.13661
495,"23511126 Vacantland, Mojave, CA 93501",5.0,10000.0,acres lot,35.052,-118.17396
496,"0 Sorrel Trl, Barstow, CA 92311",5.0,10000.0,acres lot,34.783,-117.2397
497,"4300 Vac Vic Ave, Lancaster, CA 93535",2.56,10000.0,acres lot,34.706,-117.6902
498,"155 E Vac 155 Ste Drt Vic Avenue St E #G4, Lancaster, CA 93535",2.68,10000.0,acres lot,34.712,-117.8284
499,"0 Serrano Way, Twentynine Palms, CA 92277",0.26,10000.0,acres lot,34.122,-116.05288
500,"303 Main Street Old Parker Rd, Earp, CA 92242",0.4,10000.0,acres lot,34.1647,-114.30106
501,"155 Stw Drt Vic Ave E SUITE G4, Lancaster, CA 93536",2.68,10000.0,acres lot,34.760,-118.2954
502,"0 Goat Ranch Rd, Lake Isabella, CA 93240",0.3,10000.0,acres lot,35.6132,-118.4777
503,"100 E Laguna Ave, Mojave, CA 93501",1.25,10000.0,acres lot,34.9872,-118.21700
504,"E Of Mojave Airport, Mojave, CA 93501",1.25,10000.0,acres lot,35.0578,-118.154893
505,"0 3rd St, Big Bear City, CA 92314",0.45,10000.0,acres lot,34.244,-116.8030
506,"Prospect St, Mojave, CA 93501",5.32,10000.0,acres lot,34.941,-118.1708
507,"0 Near Helendale Rd, Helendale, CA 92342",2.57,10000.0,acres lot,34.7602,-117.32870
508,"Taylor St, California City, CA 93505",0.26,10000.0,acres lot,35.106,-117.9524
509,"Joshua Blvd, North Edwards, CA 93523",15.0,10000.0,acres lot,35.069,-117.7660
510,"0 Carpenteria Trl, Santa Margarita, CA 93453",2.5,10000.0,acres lot,35.318,-119.9520
511,"0 Sheridan Rd, Helendale, CA 92342",2.06,10000.0,acres lot,34.808,-117.4316
512,"California City Blvd, Mojave, CA 93501",9.85,10000.0,acres lot,35.057,-117.8881
513,"0 Northside Rd, Lucerne Valley, CA 92356",1.93,10000.0,acres lot,34.531,-116.8814
514,"0 George Blvd, California City, CA 93505",10.0,10000.0,acres lot,35.1408,-117.79059
515,"0 Berkman Dr, California City, CA 93505",0.25,10000.0,acres lot,35.119,-117.9351
516,"4983 Iroquois Trl, Kelseyville, CA 95451",0.29,10000.0,acres lot,38.9563,-122.7266
517,"6300 Merry Way, Clipper Mills, CA 95930",0.91,10000.0,acres lot,39.5374,-121.1628
518,"El Tejon Rd, Borrego Springs, CA 92004",0.38,10000.0,acres lot,33.225,-116.3689
519,"0 Vacant Land Outside Area Inside, Hinkley, CA 92347",5.0,10001.0,acres lot,46.639,-89.8880
520,"Vic Avenue Ste #J-240, Lancaster, CA 93535",2.58,10277.0,acres lot,34.657,-117.7010
521,"Vac Corner Ave #L4-250, Lancaster, CA 93535",2.54,10277.0,acres lot,34.767,-117.7301
522,"86200 Amboy Rd, Twentynine Palms, CA 92277",1.25,10350.0,acres lot,34.1657,-115.75365
523,"0 Street Rd, Twentynine Palms, CA 92277",1.25,10350.0,acres lot,34.1356,-116.05435
524,"1 Mesquite Springs Rd, Twentynine Palms, CA 92277",2.5,10400.0,acres lot,34.168,-116.07608
525,"17861 Matterhorn Ct, Tehachapi, CA 93561",1.95,10500.0,acres lot,35.078,-118.5415
526,"17861 Matterhorn Dr #160, Tehachapi, CA 93561",1.95,10500.0,acres lot,35.078,-118.5415
527,"0 Raven Rd, Termo, CA 96132",20.2,10500.0,acres lot,40.841,-120.5586
528,"Miller Avenue & Howard St, Mojave, CA 93501",2.53,10500.0,acres lot,35.0020,-118.19026
529,"0 Bow Avenue &, Inyokern, CA 93527",10.0,10500.0,acres lot,35.667,-117.8084
530,"230th St W, Rosamond, CA 93560",5.0,10500.0,acres lot,34.818,-118.53689
531,"Vic Avenue Stw #C4-96, Lancaster, CA 93536",2.29,10500.0,acres lot,34.754,-118.1743
532,"0 Apn 420 251 32 Rd, Barstow, CA 92311",5.0,10500.0,acres lot,34.8957,-117.01720
533,"F St, California City, CA 93505",3.47,10500.0,acres lot,35.162,-117.90613
534,"469-300 Twelve #-9, Mojave, CA 93501",9.14,10500.0,acres lot,35.052,-118.17396
535,"7243 Spruce Ln, Corning, CA 96021",1.36,10500.0,acres lot,40.0093,-122.44217
536,"Maverick St, Mojave, CA 93501",2.69,10530.0,acres lot,35.126,-118.08326
537,"0 Barstow Bakersfield Hwy, Mojave, CA 93501",4.83,10530.0,acres lot,35.09905192733,-118.14443051135
538,"Avenida Del Sol, Inyokern, CA 93527",2.51,10530.0,acres lot,35.6522,-117.84833
539,"9910 Monte Cristo Dr, Kelseyville, CA 95451",0.27,10800.0,acres lot,38.949,-122.72335
540,"Whidgeon Pl, Hornbrook, CA 96044",2.5,10900.0,acres lot,41.874,-122.4535
541,"Vic Ave E #F-155, Lancaster, CA 93535",2.52,10900.0,acres lot,34.760,-118.1439
542,"0 Casa Grande Rd, Hinkley, CA 92347",2.06,10900.0,acres lot,34.9347,-117.19921
543,"0 215th St, Lancaster, CA 93535",2.67,10950.0,acres lot,34.694,-117.7272
544,"0 Avenue H8, Lancaster, CA 93535",2.61,10950.0,acres lot,34.7160,-117.85422
545,"1 Tamarisk Rd #401-20, Onyx, CA 93255",0.26,10995.0,acres lot,35.690,-118.2246
546,"1 Tamarisk Rd #401-18, Onyx, CA 93255",0.27,10995.0,acres lot,35.690,-118.2246
547,"1 Tamarisk Rd #401-19, Onyx, CA 93255",0.26,10995.0,acres lot,35.690,-118.2246
548,"1 Tamarisk Rd #401-16, Onyx, CA 93255",0.26,10995.0,acres lot,35.690,-118.2246
549,"064-300 Thirty #-0, Inyokern, CA 93527",2.52,10998.0,acres lot,35.6468,-117.81256
550,"16089 Eagle Rock Rd, Hidden Valley Lake, CA 95467",0.28,10999.0,acres lot,38.827,-122.56384
551,"16168 Eagle Rock Rd, Hidden Valley Lake, CA 95467",0.27,10999.0,acres lot,38.82,-122.5650
552,"20 N Street Aly, Mojave, CA 93501",2.5,10999.0,acres lot,35.053,-118.1682
554,"2587 Sea Port Ave, Thermal, CA 92274",0.26,11000.0,acres lot,33.31,-115.9566
555,"1 E Avenue G2, Lancaster, CA 93535",0.25,11000.0,acres lot,34.64957,-118.128879
556,"0 Vac Avenue G2 Vic Ave SUITE 139, Lancaster, CA 93535",0.25,11000.0,acres lot,34.686,-117.7762
557,"Vic Ave F-STE 140, Lancaster, CA 93535",2.53,11000.0,acres lot,34.746,-118.1361
558,"12097 Courtland Rd, Santa Margarita, CA 93453",2.5,11000.0,acres lot,35.2931,-119.95388
559,"12095 Courtland Rd, Santa Margarita, CA 93453",2.5,11000.0,acres lot,35.2931,-119.95388
560,"12095 Cole Trl, Santa Margarita, CA 93453",2.5,11000.0,acres lot,35.28220,-119.951751
561,"12091 Cole Trl, Santa Margarita, CA 93453",2.5,11000.0,acres lot,35.28220,-119.951751
562,"0 Vac Avenue J12 Vic SUITE 165, Lancaster, CA 93535",2.56,11000.0,acres lot,34.680,-117.7612
563,"O Double O Rd LOT 25, Borrego Springs, CA 92004",0.69,11000.0,acres lot,33.240,-116.371
564,"28418101003 Starla Pl, California City, CA 93505",2.24,11000.0,acres lot,35.13685,-117.760410
565,"284-181 Starla Pl #1, California City, CA 93505",2.24,11000.0,acres lot,35.13685,-117.760410
566,"691 Copco Rd, Hornbrook, CA 96044",1.2,11000.0,acres lot,41.8984,-122.55257
567,"Unit #4-LOT 540, Hornbrook, CA 96044",2.94,11000.0,acres lot,41.9101,-122.55585
568,"0 Avenue 10 #R, Littlerock, CA 93543",0.75,11000.0,acres lot,34.5211,-117.98367
569,"LOT 661 Clark Rd, Hornbrook, CA 96044",2.9,11000.0,acres lot,41.884,-122.4562
570,"0 Halstead Rd, Hinkley, CA 92347",0.94,11000.0,acres lot,35.000,-117.2091
571,"E Avenue J12, Lancaster, CA 93535",2.56,11000.0,acres lot,34.680,-117.7612
572,"Harborview Dr UNIT 1, Weed, CA 96094",0.27,11000.0,acres lot,41.527,-122.3738
573,"0 Near Harrod Rd, Lucerne Valley, CA 92356",2.5,11000.0,acres lot,34.4436,-116.94552
574,"0 Redman, Lancaster, CA 93535",2.56,11000.0,acres lot,34.7638,-117.96979
575,"084-251 W Drummond Ave #18, Inyokern, CA 93527",1.93,11000.0,acres lot,35.6468,-117.81256
576,"0 Kendell Rd, Lucerne Valley, CA 92356",0.36,11000.0,acres lot,34.451,-116.96645
577,"0 Double O Rd, Borrego Springs, CA 92004",0.45,11000.0,acres lot,33.240,-116.371
578,"1350 Tyler Ave, Thermal, CA 92274",0.26,11000.0,acres lot,33.278,-115.97455
579,"19901 Brite Valley Rd, Tehachapi, CA 93561",0.32,11000.0,acres lot,35.1485,-118.4838
580,"Unit Lake Rdg #2-LOT 317, Dorris, CA 96023",2.6,11111.0,acres lot,41.9668,-121.91804
581,"Condor Cir UNIT 4, Weed, CA 96094",0.45,11111.0,acres lot,41.520,-122.3688
582,"Blue Gill Dr UNIT 4, Hornbrook, CA 96044",3.21,11111.0,acres lot,41.895,-122.4307
583,"0 Apn 3129 #71-02-0000, Phelan, CA 92371",1.06,11399.0,acres lot,34.4262,-117.57250
584,"2323 Buckhorn Trl, Quincy, CA 95971",0.37,11500.0,acres lot,39.907,-120.75458
585,"Xx Dove St, Hornbrook, CA 96044",4.8,11500.0,acres lot,41.8903,-122.52203
586,"0 Vicinity Ave #R8, Palmdale, CA 93591",2.55,11500.0,acres lot,35.338,-119.1341
587,"0 Vicinity Ave #H12 & 130, Lancaster, CA 93535",2.6,11500.0,acres lot,34.6519,-118.14604
588,"0 Vicinity Ave #I8 & 106, Lancaster, CA 93535",2.57,11500.0,acres lot,35.974,-118.9967
589,"Vicinity I 8 & 106th St E, Lancaster, CA 93535",2.57,11500.0,acres lot,34.62382,-117.894259
590,"Vicinity Ave #H-12, Lancaster, CA 93535",2.6,11500.0,acres lot,34.703,-117.7154
591,"Vic Ave E #R-8, Palmdale, CA 93591",2.55,11500.0,acres lot,34.613,-117.7342
592,"0 Salinas Rd, Hinkley, CA 92347",2.27,11500.0,acres lot,34.9506,-117.17309
593,"13136 Wells Fargo Dr #215, Groveland, CA 95321",0.38,11500.0,acres lot,37.8620,-120.2148
594,"Vic Avenue D 4 92 Ste Redman, Lancaster, CA 93535",1.29,11555.0,acres lot,34.775,-117.9831
595,"E Vac Avenue D 2 Vic 92 Ste, Lancaster, CA 93535",1.25,11555.0,acres lot,34.6873,-118.10118
596,"D D Avenue Vic #93, Lancaster, CA 93535",1.31,11555.0,acres lot,34.632,-117.8146
597,"111 Pony Rd, Landers, CA 92285",2.5,11700.0,acres lot,34.36,-116.5671
598,"Cod Dr UNIT 4, Hornbrook, CA 96044",4.2,11750.0,acres lot,41.904,-122.4395
599,"0 Hampton Dr, Newberry Springs, CA 92365",2.91,11880.0,acres lot,34.898,-116.7214
600,"0 Cottontail Dr, Weed, CA 96094",0.26,11900.0,acres lot,41.498,-122.36509785714
601,"20080 Ridgecrest Way #292, Groveland, CA 95321",0.31,11900.0,acres lot,37.8422,-120.19050
602,"Near Powerline Rd, Hinkley, CA 92347",5.0,12000.0,acres lot,34.99627,-117.38091
603,"99999 Mercedes Blvd, California City, CA 93505",2.5,11900.0,acres lot,35.1234,-117.85273
604,"1 Vac Vic Ave, Pearblossom, CA 93553",2.42,11900.0,acres lot,34.492,-117.8999
605,"0 Avenue D2, Lancaster, CA 93535",1.29,11950.0,acres lot,34.775,-118.2995
606,"0 Near Manix Rd, Newberry Springs, CA 92365",20.0,11950.0,acres lot,34.9819,-116.59419
607,"129 W Avenue C #4, Lancaster, CA 93536",2.53,11999.0,acres lot,34.794,-118.5108
608,"0 Joshua Tree Rd, Johnson Valley, CA 92285",2.5,11999.0,acres lot,34.355,-116.58656
609,"3154 Coyote Rock Rd, Potter Valley, CA 95469",1.33,12000.0,acres lot,39.4676,-122.96123
610,"18280 Deer Hill Rd, Hidden Valley Lake, CA 95467",0.29,12000.0,acres lot,38.818,-122.56866
611,"20262 Indian Rock Rd, Hidden Valley Lake, CA 95467",0.4,12000.0,acres lot,38.793,-122.5359
612,"21947 Stoney Creek Pl, Cottonwood, CA 96022",0.28,12000.0,acres lot,40.359,-122.21955
613,"19732 Lake California Dr, Cottonwood, CA 96022",0.26,12000.0,acres lot,40.367,-122.22192
614,"7055 Whitetail Way, Corning, CA 96021",1.2,12000.0,acres lot,40.004,-122.3953
615,"11091 Deleker Trl, Santa Margarita, CA 93453",2.5,12000.0,acres lot,35.326,-119.9829
616,"0 Vac Avenue G12 Vic SUITE 235-42, Lancaster, CA 93535",2.57,12000.0,acres lot,34.671,-117.9186
617,"Avenue G12 Vic Ste #235, Lancaster, CA 93535",2.57,12000.0,acres lot,34.721,-118.3658
618,"25000 W Avenue M7, Lancaster, CA 93536",2.53,12000.0,acres lot,34.638,-118.1849
619,"Vac Land, Mojave, CA 93501",2.51,12000.0,acres lot,35.052,-118.17396
620,"Californa City Blvd, Mojave, CA 93501",10.0,12000.0,acres lot,35.052,-118.17396
621,"0 Unknown, Felton, CA 95018",0.3,12000.0,acres lot,37.,-122.0
622,"25000 E Avenue M7, Lancaster, CA 93536",2.5,12000.0,acres lot,34.638,-118.1849
623,"0 Undefined, Adelanto, CA 92301",1.32,12000.0,acres lot,34.582,-117.40921
624,"0 Shetland Rd, Helendale, CA 92342",2.33,12000.0,acres lot,34.7296,-117.24733
625,"0 Coachella Trl, Santa Margarita, CA 93453",2.5,12000.0,acres lot,35.297,-119.94554
626,"0 Bishop Trl, Santa Margarita, CA 93453",2.5,12000.0,acres lot,35.26365,-119.871852
627,"0 Blocksburg Rd, Santa Margarita, CA 93453",2.5,12000.0,acres lot,35.2782,-119.88731
628,"0 Caliente Trl, Santa Margarita, CA 93453",2.5,12000.0,acres lot,35.2857,-119.93627
629,"0 Copenhagen Rd, Santa Margarita, CA 93453",2.5,12000.0,acres lot,35.2785,-119.93860
630,"0 El Cajon, Santa Margarita, CA 93453",2.5,12000.0,acres lot,35.3899,-120.60905
631,"0 Carmel Trl, Santa Margarita, CA 93453",2.5,12000.0,acres lot,35.2947,-119.924896
632,"0 Briceland Rd, Santa Margarita, CA 93453",2.5,12000.0,acres lot,35.300,-119.9298
633,"0 Chubback Rd, Santa Margarita, CA 93453",2.5,12000.0,acres lot,35.294,-119.95168
634,"0 Boca Trl, Santa Margarita, CA 93453",2.5,12000.0,acres lot,35.2821,-119.88951
635,"197 Saint Andrews St #G4, Lancaster, CA 93534",2.6,12000.0,acres lot,34.713,-118.1647
636,"Corner Avenue Stw #B8-155, Lancaster, CA 93536",2.44,12000.0,acres lot,34.760,-118.322
637,"1200 Avenue G12/12 Est, Lancaster, CA 93535",1.25,12000.0,acres lot,34.7221,-118.14163
638,"Vic Ave #G8 & 12, Lancaster, CA 93535",1.25,12000.0,acres lot,34.754,-117.8058
639,"14 Freeway Near Reed Ave, Mojave, CA 93501",2.5,12000.0,acres lot,35.052,-118.17396
640,"0 Vac Corner Avenue Trail 172 S #A8, Lancaster, CA 93536",2.51,12000.0,acres lot,34.609,-118.170
641,"Vic Avenue Ste St #E8-145, Lancaster, CA 93535",2.59,12000.0,acres lot,34.6873,-118.10118
642,"0 Vac Vic Avenue E 8 145 SUITE 1, Lancaster, CA 93535",2.59,12000.0,acres lot,34.7563,-117.9788
643,"0 Hawk Rd, Termo, CA 96132",20.0,12000.0,acres lot,40.827,-120.5803
644,"14443 Boda Trl, Santa Margarita, CA 93453",2.5,12000.0,acres lot,35.2821,-119.88951
645,"0 Vac Vic 76th St #L6, Lancaster, CA 93535",1.23,12000.0,acres lot,34.651,-118.2644
646,"Redhill Rd, Hinkley, CA 92347",5.0,12000.0,acres lot,34.9347,-117.19921
647,"120 Saint East & Ave #G10, Lancaster, CA 93535",1.14,12000.0,acres lot,34.6873,-118.10118
648,"241 E V #4, Palmdale, CA 93550",2.5,12000.0,acres lot,34.515,-118.0681
649,"0 E Avenue H12 #180, Lancaster, CA 93535",2.59,12000.0,acres lot,34.708,-117.7091
650,"E Avenue H12, Lancaster, CA 93535",2.59,12000.0,acres lot,34.70,-117.7591
651,"13250 Calipatria Rd, Santa Margarita, CA 93453",2.5,12000.0,acres lot,35.3203,-119.907097
652,"2683 Greenhorn Ranch Rd, Quincy, CA 95971",0.39,12000.0,acres lot,39.908,-120.7413
653,"Vic Of 147th W & Ave #C8, Lancaster, CA 93536",2.5,12000.0,acres lot,34.800,-118.3834
654,"0 E Ave E #R, Palmdale, CA 93550",2.55,12000.0,acres lot,34.5793,-118.11711
655,"19700 197th St E, Llano, CA 93544",2.04,12000.0,acres lot,34.50038,-117.778254
656,"197th Street E Vic Panorama Rd, Llano, CA 93544",2.04,12000.0,acres lot,34.51498,-117.778360
657,"Solan Dr, California City, CA 93505",0.37,12000.0,acres lot,35.1628,-117.82007
658,"5 4/66 Fairway Dr, Weed, CA 96094",0.3,12000.0,acres lot,41.519,-122.3676
659,"Fond Ave UNIT 4, Hornbrook, CA 96044",3.0,12000.0,acres lot,41.9588,-122.40062
660,"Unit 3 Crest Ln LOT 113, Hornbrook, CA 96044",2.06,12000.0,acres lot,41.9342,-122.38591
661,"E North #E, Palmdale, CA 93552",1.25,12000.0,acres lot,34.631,-117.9779
662,"235th St E, Palmdale, CA 93591",2.5,12000.0,acres lot,34.591,-117.7107
663,"3 Slash X Ranch Rd, Barstow, CA 92311",1.93,12000.0,acres lot,34.8957,-117.01720
664,"2 Slash X Ranch Rd, Barstow, CA 92311",2.28,12000.0,acres lot,34.7600,-117.01029
665,"0 Weiss & Forest Ave, Mojave, CA 93501",2.61,12000.0,acres lot,35.052,-118.17396
666,"0 Clear Lake Rd, Santa Margarita, CA 93453",2.5,12000.0,acres lot,35.31485,-119.936027
667,"0 Near Mesa Rd, Twentynine Palms, CA 92277",2.5,12000.0,acres lot,34.179,-115.8160
668,"0 Calcium Trl, Santa Margarita, CA 93453",2.38,12000.0,acres lot,35.27848,-119.92956
669,"235 E Avenue H12, Lancaster, CA 93535",2.61,12000.0,acres lot,34.706,-117.7165
670,"197th Street East & Ave #G-4, Lancaster, CA 93535",2.6,12000.0,acres lot,34.6873,-118.10118
671,"0 Carlsberg Rd, Alturas, CA 96101",0.93,12000.0,acres lot,41.2594,-120.73510
672,"0 Artois Trl, Santa Margarita, CA 93453",2.5,12000.0,acres lot,35.289,-119.8700
673,"20 Ste Vic Ave #E10, Lancaster, CA 93535",4.69,12000.0,acres lot,34.744,-117.9692
674,"75 Street, Lancaster, CA 93536",1.59,12000.0,acres lot,34.652,-118.2627
675,"192nd Corner Avenue Stw #192-E6, Lancaster, CA 93536",2.53,12000.0,acres lot,34.762,-118.2014
676,"120th Street East & Ave #G-10, Lancaster, CA 93535",1.14,12000.0,acres lot,34.6873,-118.10118
677,"23 Theda Rd, Fort Irwin, CA 92310",5.0,12000.0,acres lot,35.2627,-116.68475
678,"0 Asilomar Trl, Santa Margarita, CA 93453",2.5,12000.0,acres lot,35.2852,-119.86564
679,"E Avenue I SUITE 186, Lancaster, CA 93535",2.18,12000.0,acres lot,34.709,-117.8415
680,"0 Palmdale Ca Outside Area Inside, Palmdale, CA 93591",2.52,12000.0,acres lot,34.580,-118.08265
681,"0 W Vac Corner Ave, Lancaster, CA 93536",2.54,12000.0,acres lot,34.6761,-118.20558
682,"0-210 210th St E, Lancaster, CA 93535",2.51,12000.0,acres lot,34.7923,-117.75641
683,"0 57th St W, Rosamond, CA 93560",2.27,12000.0,acres lot,34.852,-118.2318
684,"16 Harper Vacant Land Rd, Barstow, CA 92311",10.0,12000.0,acres lot,34.8957,-117.01720
685,"22100 Avenue P, Palmdale, CA 93591",2.1,12000.0,acres lot,34.589,-117.6835
686,"Altus Ave, Mojave, CA 93501",2.5,12000.0,acres lot,35.04056,-118.111100
687,"Mountain Climber Way, Tehachapi, CA 93561",3.85,12000.0,acres lot,35.072,-118.5497
688,"0 Balfrin Dr, Crestline, CA 92325",0.33,12000.0,acres lot,34.2359,-117.2611
689,"Yokum, Weldon, CA 93283",2.5,12000.0,acres lot,35.637,-118.2540
690,"0 Arrowhead Trl, Santa Margarita, CA 93453",2.5,12000.0,acres lot,35.278,-119.87403
691,"0 Compton Rd, Santa Margarita, CA 93453",2.5,12000.0,acres lot,35.334,-119.9574
692,"0 Clarksburg Rd, Santa Margarita, CA 93453",2.5,12000.0,acres lot,35.291,-119.9437
693,"0 Berkeley Trl, Santa Margarita, CA 93453",2.5,12000.0,acres lot,35.2710,-119.88071
694,"0 Coso Junction Rd, Santa Margarita, CA 93453",2.5,12000.0,acres lot,35.298,-119.9702
695,"1 Weiss Ave, Mojave, CA 93501",2.61,12000.0,acres lot,35.0094,-118.04712
696,"0 Delta Rd, Santa Margarita, CA 93453",2.5,12000.0,acres lot,35.3899,-120.60905
697,"0 Arrowbear Trl, Santa Margarita, CA 93453",2.5,12000.0,acres lot,35.293,-119.9121
698,"0 National Trails Hwy, Needles, CA 92363",10.0,12000.0,acres lot,34.712,-114.4926
699,"0 Big Bend Trl, Santa Margarita, CA 93453",2.5,12000.0,acres lot,35.300,-119.8957
700,"0 Dardanelle Rd, Santa Margarita, CA 93453",2.5,12000.0,acres lot,35.333,-119.9798
701,"0 Grafton Dr, Newberry Springs, CA 92365",2.94,12000.0,acres lot,34.89811,-116.662541
702,"0 Ballico Trl, Santa Margarita, CA 93453",2.5,12000.0,acres lot,35.306,-119.8821
703,"0 Ambleside Dr, Oroville, CA 95965",0.29,12000.0,acres lot,39.7870,-121.51249
704,"0 Encina Dr, Lake Elsinore, CA 92530",0.52,12000.0,acres lot,33.632,-117.3549
705,"7386 Winding Way, Grizzly Flats, CA 95636",0.26,12000.0,acres lot,38.63,-120.5138
706,"1172 Lilac Dr, Arnold, CA 95223",0.38,12000.0,acres lot,38.253,-120.348
707,"Sewanee Dr, Borrego Springs, CA 92004",0.44,12000.0,acres lot,33.2071,-116.3397987
708,"Vacant Rose Avenue And Yucaipa, Mojave, CA 93501",2.5,12150.0,acres lot,35.052,-118.17396
709,"240th West Holiday Ave, Rosamond, CA 93560",10.0,12450.0,acres lot,34.845,-118.3315
710,"0 Cool Rd, Santa Margarita, CA 93453",2.5,12450.0,acres lot,35.3222,-119.96255
711,"17065 Fawn Ln, Corning, CA 96021",1.06,12494.0,acres lot,40.002,-122.40294
712,"5639 Arapaho Way, Kelseyville, CA 95451",0.33,12499.0,acres lot,38.9512,-122.7365
713,"Tomahawk Pl, Weed, CA 96094",0.28,12499.0,acres lot,41.526,-122.3724
714,"9980 Point Lakeview Rd, Kelseyville, CA 95451",0.25,12500.0,acres lot,38.954,-122.72255
715,"2660 Sea Garden Ave, Thermal, CA 92274",0.26,12500.0,acres lot,33.320,-115.9516
716,"2540 Dalton Dr, Thermal, CA 92274",0.34,12500.0,acres lot,33.3133,-115.95646
717,"2607 Treasure Dr, Thermal, CA 92274",0.26,12500.0,acres lot,33.3175,-115.94192
718,"25400 Jacaranda Dr, Tehachapi, CA 93561",1.31,12500.0,acres lot,35.187,-118.60055
719,"0 Cactus Jack Rd, Twentynine Palms, CA 92277",2.0,12500.0,acres lot,34.137,-115.97388
720,"LOT Three Amboy Rd, Twentynine Palms, CA 92277",0.92,12500.0,acres lot,34.169,-115.89312
721,"0 Bullion Mount Rd, Twentynine Palms, CA 92277",1.25,12500.0,acres lot,34.189,-116.0003
722,"220 Saint East Ave N #P10, Palmdale, CA 93591",2.56,12500.0,acres lot,34.631,-117.9779
723,"0 Hunter Dr #14, Borrego Springs, CA 92004",0.3,12500.0,acres lot,33.1902,-116.3260
724,"Vic Avenue D 220 Ste, Lancaster, CA 93535",1.27,12500.0,acres lot,34.7787,-117.75343
725,"Country Club Rd LOT 170, Borrego Springs, CA 92004",0.38,12500.0,acres lot,33.234,-116.3837
726,"0 Vac Avenue E 8 Vic #137, Lancaster, CA 93535",2.59,12500.0,acres lot,34.75,-117.9155
727,"LOT Five Jaguar Ct, Montague, CA 96064",2.5,12500.0,acres lot,41.890,-122.4256
728,"Vac Vic 245th Ste Ave #K12, Lancaster, CA 93535",2.53,12500.0,acres lot,34.643,-117.667
729,"0 Slash X Ranch Rd, Barstow, CA 92311",2.2,12500.0,acres lot,34.8957,-117.01720
730,"9999 Play A Del Sol, Tehachapi, CA 93561",0.28,12500.0,acres lot,35.1321,-118.44897
731,"2279 Shore Fair St, Thermal, CA 92274",0.28,12500.0,acres lot,33.293,-115.9595
732,"0 95th St, California City, CA 93505",10.2,12500.0,acres lot,35.135,-117.9599
733,"1 Ericka Ave, Mojave, CA 93501",2.39,12500.0,acres lot,34.9556,-118.15426
734,"Cheyenne Blvd, Mojave, CA 93501",0.53,12500.0,acres lot,35.1913,-118.02142
735,"California City, California City, CA 93505",20.0,12500.0,acres lot,35.206,-117.7136
736,"0 Highway 58, Mojave, CA 93501",1.25,12500.0,acres lot,35.038,-118.0060
737,"0 Stoddard Mountain Rd, Barstow, CA 92311",10.0,12500.0,acres lot,34.75290,-117.166304
738,"0 Duntroon St, Newberry Springs, CA 92365",2.14,12500.0,acres lot,34.8873,-116.72485
739,"0 Manatee St, Newberry Springs, CA 92365",2.14,12500.0,acres lot,34.8891,-116.72588
740,"0 Armadilla St, Newberry Springs, CA 92365",2.14,12500.0,acres lot,34.884,-116.72041
741,"0 Coventry St, Newberry Springs, CA 92365",2.14,12500.0,acres lot,34.890,-116.72352
742,"697-840 Cheney Creek Rd, Susanville, CA 96130",1.25,12500.0,acres lot,40.407,-120.6708
743,"697-830 Cheney Creek Rd, Susanville, CA 96130",1.25,12500.0,acres lot,40.407,-120.6713
744,"0 Acoma Trl, Landers, CA 92285",1.25,12750.0,acres lot,34.3346,-116.44029
745,"10479 Boren Bega Dr, Kelseyville, CA 95451",0.26,12888.0,acres lot,38.963,-122.71323
746,"17242 Knollview Dr, Hidden Valley Lake, CA 95467",0.35,12900.0,acres lot,38.8097,-122.57015
747,"7283 Hawk Ct, Corning, CA 96021",1.68,12900.0,acres lot,40.009,-122.4264
748,"18021 Matterhorn Ct, Tehachapi, CA 93561",2.46,12900.0,acres lot,35.08,-118.5430
749,"14500 Vac Vic Ave #210/145, Palmdale, CA 93591",5.15,12900.0,acres lot,34.613,-117.7276
750,"13911 Broadway St, Blythe, CA 92225",0.26,12900.0,acres lot,33.5254,-114.65592
751,"0 Bellflower St #4, Adelanto, CA 92301",5.0,12900.0,acres lot,34.61921,-117.418113
752,"0 Bella Rd, Santa Margarita, CA 93453",2.5,12900.0,acres lot,35.284,-119.8678
753,"10th St E, Lancaster, CA 93535",1.25,12950.0,acres lot,34.668,-118.111
754,"21370019000 Slab City, Niland, CA 92257",2.71,12990.0,acres lot,33.2400,-115.51887
755,"21 370th #19-000, Niland, CA 92257",2.71,12990.0,acres lot,33.2400,-115.51887
756,"0 Avenue X4 SUITE 201, Llano, CA 93544",2.51,12995.0,acres lot,34.5058,-117.81784
757,"0 Rabbit Trl, Onyx, CA 93255",0.32,12995.0,acres lot,35.681,-118.2203
758,"1117 Painted Canyon Ct, Mecca, CA 92254",6.25,12997.0,acres lot,33.581,-116.075
759,"17 17th St #E, Mojave, CA 93501",2.5,12999.0,acres lot,49.8485,-99.91617
760,"1 Vac 137 Ste Avenue J8, Lancaster, CA 93535",2.56,12999.0,acres lot,34.681,-118.1290
761,"7685 Shelter Cove Rd, Whitethorn, CA 95589",0.29,13000.0,acres lot,40.038,-124.05771
762,"9580 Venturi Dr, Cobb, CA 95426",0.36,13000.0,acres lot,38.851,-122.7313
763,"7395 Oak Park Rd, Corning, CA 96021",1.04,13000.0,acres lot,40.01,-122.40211
764,"1901 Lily Valley Cir, West Point, CA 95255",0.57,13000.0,acres lot,38.440,-120.4287
765,"1883 Lily Valley Cir, West Point, CA 95255",0.46,13000.0,acres lot,38.441,-120.428
766,"Wagon Rd, Borrego Springs, CA 92004",1.04,13000.0,acres lot,33.227,-116.3846
767,"1194 Indian Ocean Ave, Thermal, CA 92274",0.3,13000.0,acres lot,33.336,-115.96287
768,"Lot 213 Rainbow Dr UNIT 4, Weed, CA 96094",0.34,13000.0,acres lot,41.514,-122.3821
769,"0 Vac Corner Ste Ave #114-L7, Lancaster, CA 93535",2.48,13000.0,acres lot,34.650,-117.6924
770,"0 Amberwood Ct #239, Tehachapi, CA 93561",1.16,13000.0,acres lot,35.1418,-118.64808
771,"114th E & Ave #L-7, Lancaster, CA 93535",2.48,13000.0,acres lot,34.653,-118.2473
772,"Vic Ave N #R6-225, Palmdale, CA 93591",2.55,13000.0,acres lot,34.606,-117.7252
773,"100 Saint East & Ave #I4, Lancaster, CA 93535",2.3,13000.0,acres lot,34.6873,-118.10118
774,"0 Rose Ln, Lucerne Valley, CA 92356",5.0,13000.0,acres lot,34.4436,-116.94552
775,"11800 Avenue A8/118 Sta, Lancaster, CA 93536",2.47,13000.0,acres lot,34.811,-118.4574
776,"Vic Ave #A8, Lancaster, CA 93535",2.47,13000.0,acres lot,34.706,-117.6902
777,"Wagon Rd #15, Borrego Springs, CA 92004",1.04,13000.0,acres lot,33.227,-116.3846
778,"Vic Ave #I10-145, Lancaster, CA 93535",2.44,13000.0,acres lot,34.64,-117.8038
779,"100th Street East & Ave #I-4, Lancaster, CA 93535",2.3,13000.0,acres lot,34.6873,-118.10118
780,"LOT 135 Desavado Rd, Montague, CA 96064",1.03,13000.0,acres lot,41.894,-122.4273
781,"0 V137th Street East And Ave #H, Lancaster, CA 93535",5.16,13000.0,acres lot,34.6873,-118.10118
782,"137th Street East And Ave #H6, Lancaster, CA 93535",5.0,13000.0,acres lot,34.75,-117.8857
783,"101 Street, California City, CA 93505",0.26,13000.0,acres lot,35.0978,-117.94823
784,"0 Sugar Pine Dr, Berry Creek, CA 95916",0.93,13000.0,acres lot,39.6362,-121.39386
785,"0 Old Dale Rd, Twentynine Palms, CA 92277",0.57,13000.0,acres lot,34.189,-115.716
786,"150th St W, Rosamond, CA 93560",2.51,13000.0,acres lot,34.867,-118.3960
787,"000 Love Creek Rd, Ben Lomond, CA 95005",0.99,13000.0,acres lot,37.116,-122.0864
788,"0 Amberwood Ct, Tehachapi, CA 93561",1.16,13000.0,acres lot,35.1418,-118.64808
789,"0 Choctaw Trl, Santa Margarita, CA 93453",2.5,13000.0,acres lot,35.31314,-119.960408
790,"Raven Ct UNIT 5, Montague, CA 96064",2.7,13131.0,acres lot,41.882,-122.4386
791,"185th St E, Lancaster, CA 93535",2.57,13250.0,acres lot,34.708,-117.8017
792,"Lassen Ave, Shasta Lake, CA 96019",0.46,13300.0,acres lot,40.682,-122.3735
793,"Marcella Dr, Randsburg, CA 93554",20.23,13365.0,acres lot,35.3685,-117.65811
794,"9160 Bass Rd, Kelseyville, CA 95451",0.37,13500.0,acres lot,38.9814,-122.7384
795,"43075 Manatee St, Newberry Springs, CA 92365",2.14,13500.0,acres lot,34.888,-116.7204
796,"0 Vac Avenue V Vic SUITE 136, Pearblossom, CA 93553",2.5,13500.0,acres lot,34.520,-117.8689
797,"Avenue V, Pearblossom, CA 93553",2.5,13500.0,acres lot,34.520,-117.8689
798,"0 Vic Ave #D-12-107, Lancaster, CA 93535",3.87,13500.0,acres lot,34.706,-117.6902
799,"478-535 Lake Forest Dr, Susanville, CA 96130",0.27,13500.0,acres lot,40.429,-120.7457
